15001,Mhs 1
15002,Mhs 2
15003,Mhs 3
15004,Mhs 4
15005,Mhs 5
15006,Mhs 6
15007,Mhs 7
15008,Mhs 8
15009,Mhs 9
15010,Mhs 10
15011,Mhs 11
15012,Mhs 12
15013,Mhs 13
15014,Mhs 14
15015,Mhs 15
15016,Mhs 16
15017,Mhs 17
15018,Mhs 18
15019,Mhs 19
15020,Mhs 20
15021,Mhs 21
15022,Mhs 22
15023,Mhs 23
15024,Mhs 24
15025,Mhs 25
15026,Mhs 26
15027,Mhs 27
15028,Mhs 28
15029,Mhs 29
15030,Mhs 30
15031,Mhs 31
15032,Mhs 32
15033,Mhs 33
15034,Mhs 34
15035,Mhs 35
15036,Mhs 36
15037,Mhs 37
15038,Mhs 38
15039,Mhs 39
15040,Mhs 40